addr,city,class,name,phone,type
435_s_la_cienega_blv,los_angeles,0,arnie_morton_s_of_chicago,310246_1501,american
12224_ventura_blvd,studio_city,1,art_s_delicatessen,818762_1221,american
701_stone_canyon_rd,bel_air,2,hotel_belair,310472_1211,californian
14016_ventura_blvd,sherman_oaks,3,cafe_bizou,818788_3536,french
624_s_la_brea_ave,los_angeles,4,campanile,213938_1447,american
2709_main_st,santa_monica,5,chinois_on_main,310392_9025,french
6703_melrose_ave,los_angeles,6,citrus,213857_0034,californian
8358_sunset_blvd_west,hollywood,7,fenix,213848_6677,american
23725_w_malibu_rd,malibu,8,granita,310456_0488,californian
9560_dayton_way,los_angeles,9,grill_on_the_alley,310276_0615,american
1972_n_hillhurst_ave,los_angeles,10,restaurant_katsu,213665_1891,asian
903_n_la_cienega_blvd,los_angeles,11,l_orangerie,310652_9770,french
8284_melrose_ave,los_angeles,12,le_chardonnay,213655_8880,french
3rd_st,los_angeles,13,locanda_veneta,310274_1893,italian
129_n_la_cienega_blvd,beverly_hills,14,matsuhisa,310659_9639,asian
9001_santa_monica_blvd,los_angeles,15,the_palm,310550_8811,american
5955_melrose_ave,los_angeles,16,patina,213467_1108,californian
1001_n_alameda_st,los_angeles,17,philippe_s_the_original,213628_3781,american
12969_ventura_blvd,los_angeles,18,pinot_bistro,818990_0500,french
617_s_olive_st,los_angeles,19,rex_il_ristorante,213627_2300,italian
1114_horn_ave,los_angeles,20,spago,310652_4025,californian
3115_pico_blvd,santa_monica,21,valentino,310829_4313,italian
67_n_raymond_ave,los_angeles,22,yujean_kang_s_gourmet_chinese_cuisine,818585_0855,asian
21_w_52nd_st,new_york,23,21_club,212582_7200,american
13_w_54th_st,new_york,24,aquavit,212307_7311,continental
34_e_61st_st,new_york,25,aureole,212_3191660,american
201_w_83rd_st,new_york,26,cafe_lalo,212496_6031,coffee_bar
1_w_67th_st,new_york,27,cafe_des_artistes,212877_3500,continental
2450_broadway_between_90th_and_91st_sts,new_york,28,carmine_s,212362_2200,italian
854_7th_ave_between_54th_and_55th_sts,new_york,29,carnegie_deli,212757_2245,delicatessen
2_harrison_st_near_hudson_st,new_york,30,chanterelle,212966_6960,american
20_e_76th_st,new_york,31,daniel,212288_0033,french
210_e_58th_st,new_york,32,dawat,212355_7555,asian
243_e_58th_st,new_york,33,felidia,212758_1479,italian
99_e_52nd_st,new_york,34,four_seasons_grill_room,212754_9494,american
12_e_12th_st,new_york,35,gotham_bar_grill,212620_4020,american
42_e_20th_st_between_park_ave_s_and_broadway,new_york,36,gramercy_tavern,212477_0777,american
402_w_44th_st,new_york,37,island_spice,212765_1737,tel_caribbean
160_e_64th_st,new_york,38,jo_jo,212223_5656,american
33_w_55th_st,new_york,39,la_caravelle,212586_4252,french
60_w_55th_st_between_5th_and_6th_ave,new_york,40,la_cote_basque,212688_6525,french
155_w_51st_st,new_york,41,le_bernardin,212489_1515,french
160_central_park_s,new_york,42,les_celebrites,212484_5113,french
2_e_55th_st,new_york,43,lespinasse,212339_6719,american
249_e_50th_st,new_york,44,lutece,212752_2225,french
57_w_58th_st,new_york,45,manhattan_ocean_club,212_3717777,seafood
405_e_58th_st,new_york,46,march,212754_6272,american
102_5th_ave_between_15th_and_16th_sts,new_york,47,mesa_grill,212807_7400,american
57_jane_st_off_hudson_st,new_york,48,mi_cocina,212627_8273,mexican
239_w_broadway_between_walker_and_white_sts,new_york,49,montrachet,212_2192777,french
55_e_54th_st,new_york,50,oceana,212759_5941,seafood
100_e_63rd_st,new_york,51,park_avenue_cafe,212644_1900,american
182_w_58th_st,new_york,52,petrossian,212245_2214,french
35_w_64th_st,new_york,53,picholine,212724_8585,mediterranean
95_ave_a_at_6th_st,new_york,54,pisces,212260_6660,seafood
30_rockefeller_plaza,new_york,55,rainbow_room,212632_5000,or_212632_5100_american
1_water_st_at_the_east_river,brooklyn,56,river_cafe,718522_5200,american
240_central_park_s,new_york,57,san_domenico,212265_5959,italian
156_2nd_ave_at_10th_st,new_york,58,second_avenue_deli,212677_0606,delicatessen
11_e_53rd_st,new_york,59,seryna,212980_9393,asian
43_w_65th_st,new_york,60,shun_lee_west,212371_8844,asian
1110_3rd_ave_at_65th_st,new_york,61,sign_of_the_dove,212861_8080,american
201_e_49th_st,new_york,62,smith_wollensky,212753_1530,american
in_central_park_at_67th_st,new_york,63,tavern_on_the_green,212873_3200,american
747_9th_ave_between_50th_and_51st_sts,new_york,64,uncle_nick_s,212315_1726,mediterranean
21_e_16th_st,new_york,65,union_square_cafe,212243_4020,american
152_w_44th_st,new_york,66,virgil_s,212_9219494,american
3200_las_vegas_blvd_s,las_vegas,67,chin_s,702733_8899,asian
3799_las_vegas_blvd_s,las_vegas,68,coyote_cafe,702891_7349,southwestern
3000_w_paradise_rd,las_vegas,69,le_montrachet,702732_5111,continental
3570_las_vegas_blvd_s,las_vegas,70,palace_court,702731_7547,continental
200_e_fremont_st,las_vegas,71,second_street_grille,702385_3232,seafood
2880_las_vegas_blvd_s,las_vegas,72,steak_house,702734_0410,steak_houses
2245_e_flamingo_rd,las_vegas,73,tillerman,702731_4036,seafood
2355_peachtree_rd_peachtree_battle_shopping_center,atlanta,74,abruzzi,404261_8186,italian
3125_piedmont_rd_near_peachtree_rd,atlanta,75,bacchanalia,404365_0410,international
3130_piedmont_road,atlanta,76,bone_s,404237_2663,american
3393_peachtree_rd_lenox_square_mall_near_neiman_marcus,atlanta,77,brasserie_le_coze,404266_1440,french
3073_piedmont_road,atlanta,78,buckhead_diner,404262_3336,american
1529_piedmont_ave,atlanta,79,ciboulette,404874_7600,french
1_margaret_mitchell_sq,atlanta,80,delectables,404681_2909,american
2290_peachtree_rd_peachtree_square_shopping_center,atlanta,81,georgia_grille,404352_3517,american
490_e_paces_ferry_rd,atlanta,82,hedgerose_heights_inn,404233_7673,international
595_piedmont_ave_rio_shopping_mall,atlanta,83,heera_of_india,404876_4408,asian
1397_n_highland_ave,atlanta,84,indigo_coastal_grill,404876_0676,caribbean
2637_peachtree_rd_peachtree_house_condominium,atlanta,85,la_grotta,404231_1368,italian
224_ponce_de_leon_ave,atlanta,86,mary_mac_s_tea_room,404876_1800,southern
255_courtland_st_at_harris_st,atlanta,87,nikolai_s_roof,404221_6362,continental
1232_w_paces_ferry_rd,atlanta,88,pano_s_and_paul_s,404261_3662,international
3434_peachtree_rd,atlanta,89,cafe_ritzcarlton_buckhead,404237_2700,ext_6108_international
3434_peachtree_rd,atlanta,90,dining_room_ritzcarlton_buckhead,404237_2700,international
181_peachtree_st,atlanta,91,restaurant_ritzcarlton_atlanta,404659_0400,continental
b_peachtree_rd,atlanta,92,toulouse,404351_9533,french
41_14th_st,atlanta,93,veni_vidi_vici,404875_8424,italian
126_clement_st,san_francisco,94,alain_rondelli,415387_0408,french
252_california_st,san_francisco,95,aqua,415956_9662,seafood
1_mission_st,san_francisco,96,boulevard,415543_6084,american
7_claude_la,san_francisco,97,cafe_claude,415392_3505,french
340_stockton_st,san_francisco,98,campton_place,415955_5555,american
804_northpoint,san_francisco,99,chez_michel,415775_7036,french
777_sutter_st,san_francisco,100,fleur_de_lys,415673_7779,french
570_4th_st,san_francisco,101,fringale,415543_0573,french
22_hawthorne_st,san_francisco,102,hawthorne_lane,415777_9779,american
5937_geary_blvd,san_francisco,103,khan_toke_thai_house,415668_6654,asian
2316_polk_st,san_francisco,104,la_folie,415776_5577,french
816_folsom_st,san_francisco,105,lulu,415495_5775,mediterranean
648_bush_st,san_francisco,106,masa_s,415989_7154,french
1737_post_st,san_francisco,107,mifune_japan_center_kintetsu_building,415922_0337,asian
3201_fillmore_st,san_francisco,108,plumpjack_cafe,415563_4755,mediterranean
545_post_st,san_francisco,109,postrio,415776_7825,american
600_stockton_st,san_francisco,110,ritzcarlton_restaurant_and_dining_room,415296_7465,american
532_columbus_ave,san_francisco,111,rose_pistola,415399_0499,italian
23_e_22nd_st,new_york,191,bolo,212228_2200,mediterranean
251_e_53rd_st,new_york,267,il_nido,212753_8450,italian
145_w_53rd_st,new_york,334,remi,212581_4242,italian
2930_beverly_glen_circle,los_angeles,112,adriano_s_ristorante,310475_9807,italian
9570_wilshire_blvd,beverly_hills,113,barney_greengrass,310777_5877,american
26025_pacific_coast_hwy,malibu,114,beaurivage,310456_5733,french
176_n_canon_dr,los_angeles,115,bistro_garden,310550_3900,californian
4th_st,los_angeles,116,border_grill,310451_1655,mexican
3rd_st_promenade,santa_monica,117,broadway_deli,310451_0616,american
346_s_la_brea_ave,los_angeles,118,ca_brea,213938_2863,italian
4100_cahuenga_blvd,los_angeles,119,ca_del_sol,818985_4669,italian
700_w_fifth_st,los_angeles,120,cafe_pinot,213239_6500,californian
207_s_beverly_dr,los_angeles,121,california_pizza_kitchen,310275_1101,californian
419_n_fairfax_ave,los_angeles,122,canter_s,213651_2030,american
3rd_st,los_angeles,123,cava,213658_8898,mediterranean
656_n_virgil_ave,los_angeles,124,cha_cha_cha,213664_7723,caribbean
310_n_larchmont_blvd,los_angeles,125,chan_dara,213467_1052,asian
168_w_colorado_blvd,los_angeles,126,clearwater_cafe,818356_0959,health_food
9500_wilshire_blvd,los_angeles,127,dining_room,310275_5200,californian
10250_santa_monica_blvd,los_angeles,128,dive,310788,dive_american
2628_wilshire_blvd,santa_monica,129,drago,310828_1585,italian
730_n_la_cienega_blvd,los_angeles,130,drai_s,310358_8585,french
930_hilgard_ave,los_angeles,131,dynasty_room,310208_8765,continental
8800_melrose_ave,los_angeles,132,eclipse,310724_5959,californian
134_n_la_cienega,los_angeles,133,ed_debevic_s,310659_1952,american
1121_s_western_ave,los_angeles,134,el_cholo,213734_2773,mexican
2424_main_st,santa_monica,135,gilliland_s,310392_3901,american
4_fish_17300_pacific_coast_hwy_at_sunset_blvd,pacific_palisades,136,gladstone_s,310454_3474,american
8600_beverly_blvd,los_angeles,137,hard_rock_cafe,310276_7605,american
2020_ave_of_the_stars,los_angeles,138,harry_s_bar_american_grill,310277_2333,italian
301_n_beverly_dr,los_angeles,139,il_fornaio_cucina_italiana,310550_8330,italian
10668_w_pico_blvd,los_angeles,140,jack_sprat_s_grill,310837_6662,health_food
439_n_beverly_drive,los_angeles,141,jackson_s_farm,310273_5578,californian
201_moreno_dr,los_angeles,142,jimmy_s,310552_2394,continental
9255_sunset_blvd,los_angeles,143,joss,310276_1886,asian
8783_beverly_blvd,los_angeles,144,le_colonial,310289_0660,asian
8720_sunset_blvd,los_angeles,145,le_dome,310659_6919,french
4500_los_feliz_blvd,los_angeles,146,louise_s_trattoria,213667_0777,italian
679_n_spring_st,los_angeles,147,mon_kee_seafood_restaurant,213628_6717,asian
8764_melrose_ave,los_angeles,148,morton_s,310276_5205,american
414_n_beverly_dr,los_angeles,149,nate_n_al_s,310274_0101,american
601_s_figueroa_st,los_angeles,150,nicola,213485_0927,american
1401_ocean_ave,santa_monica,151,ocean_avenue,310394_5669,american
11705_national_blvd,los_angeles,152,orleans,310479_4187,cajun
6th_st,los_angeles,153,pacific_dining_car,213483_6000,american
10001_riverside_dr,toluca_lake,154,paty_s,818761_9126,american
1448_n_gower_st,los_angeles,155,pinot_hollywood,213461_8800,californian
14928_ventura_blvd,sherman_oaks,156,posto,818784_4400,italian
362_n_camden_dr,los_angeles,157,prego,310277_7346,italian
252_n_beverly_dr,los_angeles,158,rj_s_the_rib_joint,310274_7427,american
3rd_st_promenade,santa_monica,159,remi,310393_6545,italian
111_s_san_pedro_st,los_angeles,160,restaurant_horikawa,213680_9355,asian
1514_n_gower_st,los_angeles,161,roscoe_s_house_of_chicken_n_waffles,213466_9329,american
3110_main_st,los_angeles,162,schatzi_on_main,310399_4800,continental
3rd_st,los_angeles,163,sofi,213651_0346,mediterranean
8020_beverly_blvd,los_angeles,164,swingers,213653_5858,american
7371_melrose_ave,los_angeles,165,tavola_calda,213658_6340,italian
430_n_camden_dr,los_angeles,166,the_mandarin,310859_0926,asian
7313_melrose_ave,los_angeles,167,tommy_tang_s,213937_5733,asian
3835_cross_creek_rd,los_angeles,168,tra_di_noi,310456_0169,italian
9876_wilshire_blvd,los_angeles,169,trader_vic_s,310276_6345,asian
1930_north_hillhurst_ave,los_feliz,170,vida,213660_4446,american
60_n_venice_blvd,los_angeles,171,west_beach_cafe,310823_5396,american
20_mott_st_between_bowery_and_pell_st,new_york,172,20_mott,212964_0380,asian
9_jones_st,new_york,173,9_jones_street,212989_1220,american
700_5th_ave_at_55th_st,new_york,174,adrienne,212903_3918,french
322_e_14_st_between_1st_and_2nd_aves,new_york,175,agrotikon,212473_2602,mediterranean
937_broadway_at_22nd_st,new_york,176,aja,212473_8388,american
304_e_48th_st,new_york,177,alamo,212_7590590,mexican
311_w_17th_st,new_york,178,alley_s_end,212627_8899,american
1_united_nations_plaza_at_44th_st,new_york,179,ambassador_grill,212702_5014,american
2_park_ave_at_32nd_st,new_york,180,american_place,212684_2122,american
222_e_58th_st_between_2nd_and_3rd_aves,new_york,181,anche_vivolo,212308_0112,italian
206_206_e_60th_st,new_york,182,arizona,212838_0440,american
106_w_houston_st_off_thompson_st,new_york,183,arturo_s,212677_3820,italian
200250_vesey_st_world_financial_center,new_york,184,au_mandarin,212385_0313,asian
1022_3rd_ave_between_60th_and_61st_sts,new_york,185,bar_anise,212355_1112,mediterranean
321_w_46th_st,new_york,186,barbetta,212246_9171,italian
123_w_52nd_st,new_york,187,ben_benson_s,212581_8888,american
228_8th_ave_between_21st_and_22nd_sts,new_york,188,big_cup,212206_0059,coffee_bar
948_1st_ave_between_52nd_and_53rd_sts,new_york,189,billy_s,212753_1870,american
13_1st_ave_near_1st_st,new_york,190,boca_chica,212473_0108,latin_american
1393a_2nd_ave_between_72nd_and_73rd_sts,new_york,192,boonthai,212249_8484,asian
420_e_59th_st_off_1st_ave,new_york,193,bouterin,212758_0323,french
225_varick_st_at_clarkston_st,new_york,194,brothers_barbq,212727_2775,american
240_e_58th_st,new_york,195,bruno,212688_4190,italian
25_w_40th_st_between_5th_and_6th_aves,new_york,196,bryant_park_grill_roof_restaurant_and_bp_cafe,212840_6500,american
103_waverly_pl_near_washington_sq,new_york,197,c3,212254_1200,american
111_e_22nd_st_between_park_ave_s_and_lexington_ave,new_york,198,ct,212995_8500,french
1486_2nd_ave_between_77th_and_78th_sts,new_york,199,cafe_bianco,212988_2655,coffee_bar
160_central_park_s,new_york,200,cafe_botanica,212484_5120,french
69_w_71st_st,new_york,201,cafe_la_fortuna,212724_5846,coffee_bar
200_w_70th_st,new_york,202,cafe_luxembourg,212873_7411,french
2_e_61st_st,new_york,203,cafe_pierre,212940_8185,french
200_park_ave_between_45th_st_and_vanderbilt_ave,new_york,204,cafe_centro,212818_1222,french
246_w_4th_st_at_charles_st,new_york,205,cafe_fes,212924_7653,mediterranean
81_macdougal_st_between_houston_and_bleeker_sts,new_york,206,caffe_dante,212982_5275,coffee_bar
46_greenwich_ave,new_york,207,caffe_dell_artista,212645_4431,coffee_bar
169_sullivan_st_between_houston_and_bleecker_sts,new_york,208,caffe_lure,212473_2642,french
119_macdougal_st_between_3rd_and_bleecker_sts,new_york,209,caffe_reggio,212475_9557,coffee_bar
385_broome_st_at_mulberry,new_york,210,caffe_roma,212226_8413,coffee_bar
32_jones_st_at_bleecker_st,new_york,211,caffe_vivaldi,212691_7538,coffee_bar
7_w_20th_st,new_york,212,caffe_bondi_ristorante,212691_8136,italian
451_washington_st_near_watts_st,new_york,213,capsouto_freres,212966_4900,french
860_2nd_ave_at_46th_st,new_york,214,captain_s_table,212697_9538,seafood
150_wooster_st_between_houston_and_prince_sts,new_york,215,casa_la_femme,212505_0005,middle_eastern
45_mercer_st_between_broome_and_grand_sts,new_york,216,cendrillon_asian_grill_marimba_bar,212343_9012,asian
72_macdougal_st_between_w_houston_and_bleecker_sts,new_york,217,chez_jacqueline,212505_0727,french
160_e_48th_st,new_york,218,chiam,212371_2323,asian
60_w_53rd_st,new_york,219,china_grill,212333_7788,american
120_w_51st_st,new_york,220,cite,212956_7100,french
23_e_74th_st,new_york,221,coco_pazzo,212794_0205,italian
53rd_sts,new_york,222,columbus_bakery,212421_0334,coffee_bar
1013_3rd_ave_between_60th_and_61st_sts,new_york,223,corrado_cafe,212753_5100,coffee_bar
522_9th_ave_at_39th_st,new_york,224,cupcake_cafe,212465_1530,coffee_bar
164_mulberry_st_between_grand_and_broome_sts,new_york,225,da_nico,212343_1212,italian
121_prince_st,new_york,226,dean_deluca,212254_8776,coffee_bar
341_w_broadway_near_grand_st,new_york,227,diva,212941_9024,italian
181_w_10th_st,new_york,228,dix_et_sept,212645_8023,french
633_3rd_ave_at_40th_st,new_york,229,docks,212_9868080,seafood
157_duane_st_between_w_broadway_and_hudson_st,new_york,230,duane_park_cafe,212732_5555,american
219_w_broadway_between_franklin_and_white_sts,new_york,231,el_teddy_s,212941_7070,mexican
1325_5th_ave_at_111th_st,new_york,232,em_ily_s,212996_1212,american
6_e_32nd_st,new_york,233,em_pire_korea,212725_1333,asian
2150_broadway_between_75th_and_76th_sts,new_york,234,ernie_s,212496_1588,american
1288_1st_ave_at_69th_st,new_york,235,evergreen_cafe,212744_3266,asian
39_desbrosses_st_near_west_st,new_york,236,f_ille_ponte_ristorante,212226_4621,italian
340_w_broadway_at_grand_st,new_york,237,felix,212431_0021,french
29_e_65th_st,new_york,238,ferrier,212772_9000,french
57_e_57th_st,new_york,239,fifty_seven_fifty_seven,212758_5757,american
635_9th_ave_between_44th_and_45th_sts,new_york,240,film_center_cafe,212_2622525,american
1900_broadway_between_63rd_and_64th_sts,new_york,241,fiorello_s_roman_cafe,212595_5330,italian
522_columbus_ave_between_85th_and_86th_sts,new_york,242,firehouse,212595_3139,american
87_1st_ave_between_5th_and_6th_sts,new_york,243,first,212674_3823,american
73_w_71st_st,new_york,244,fishin_eddie,212874_3474,seafood
348_e_62nd_st,new_york,245,fleur_de_jour,212355_2020,coffee_bar
21_west_17th_st_between_5th_and_6th_aves,new_york,246,flowers,212691_8888,american
6_w_24th_st,new_york,247,follonico,212691_6359,italian
54_pearl_st_at_broad_st,new_york,248,fraunces_tavern,212269_0144,american
458_6th_ave_at_11th_st,new_york,249,french_roast,212533_2233,french
2340_broadway_at_85th_st,new_york,250,french_roast_cafe,212799_1533,coffee_bar
402_w_43rd_st_off_9th_ave,new_york,251,frico_bar,212564_7272,italian
467_columbus_ave_between_82nd_and_83rd_sts,new_york,252,fujiyama_mama,212769_1144,asian
685_amsterdam_ave_at_93rd_st,new_york,253,gabriela_s,212961_0574,mexican
228_w_52nd_st,new_york,254,gallagher_s,212245_5336,american
15_fulton_st,new_york,255,gianni_s,212608_7300,seafood
208_e_58th_st_between_2nd_and_3rd_aves,new_york,256,girafe,212752_3054,italian
33_93_2nd_ave_between_5th_and_6th_sts,new_york,257,global,212477_8427,american
18_e_broadway_at_catherine_st,new_york,258,golden_unicorn,212_9410911,asian
228_thompson_st_between_w_3rd_and_bleecker_sts,new_york,259,grand_ticino,212777_5922,italian
151_w_54th_st_in_the_rihga_royal_hotel,new_york,260,halcyon,212468_8888,american
221_w_57th_st,new_york,261,hard_rock_cafe,212489_6565,american
1340_1st_ave_at_72nd_st,new_york,262,hilife_restaurant_and_lounge,212249_3600,american
20_cornelia_st_between_bleecker_and_w_4th_st,new_york,263,home,212243_9579,american
4_world_financial_center,new_york,264,hudson_river_club,212786_1500,american
122_e_27th_st_between_lexington_and_park_aves,new_york,265,i_trulli,212481_7372,italian
125_mulberry_st_between_canal_and_hester_sts,new_york,266,il_cortile,212226_6060,italian
492_broome_st_near_w_broadway,new_york,268,inca_grill,212966_3371,latin_american
430_lafayette_st_between_4th_st_and_astor_pl,new_york,269,indochine,212505_5111,asian
82_e_3rd_st_between_1st_and_2nd_aves,new_york,270,internet_cafe,212_6140747,coffee_bar
13_w_46th_st,new_york,271,ipanema,212730_5848,latin_american
68_w_58th_st,new_york,272,jean_lafitte,212751_2323,french
15_w_44th_st,new_york,273,jewel_of_india,212869_5544,asian
219_e_44th_st_between_2nd_and_3rd_aves,new_york,274,jimmy_sung_s,212682_5678,asian
326_w_46th_st,new_york,275,joe_allen,212581_6464,american
152_w_52nd_st,new_york,276,judson_grill,212582_5252,american
227_e_67th_st,new_york,277,l_absinthe,212794_4950,french
1191_1st_ave_between_64th_and_65th_sts,new_york,278,l_auberge,212288_8791,middle_eastern
310_w_4th_st_between_w_12th_and_bank_sts,new_york,279,l_auberge_du_midi,212242_4705,french
432_lafayette_st_near_astor_pl,new_york,280,l_udo,212388_0978,french
4_w_49th_st,new_york,281,la_reserve,212247_2993,french
168_1st_ave_between_10th_and_11th_sts,new_york,282,lanza_restaurant,212674_7014,italian
361_w_46th_st,new_york,283,lattanzi_ristorante,212315_0980,italian
211_w_broadway_at_franklin_st,new_york,284,layla,212431_0700,middle_eastern
106_e_57th_st,new_york,285,le_chantilly,212751_2931,french
149_e_57th_st,new_york,286,le_colonial,212_7520808,asian
50_macdougal_st_between_houston_and_prince_sts,new_york,287,le_gamin,212254_4678,coffee_bar
25_cleveland_pl_near_spring_st,new_york,288,le_jardin,212343_9599,french
168_w_18th_st,new_york,289,le_madri,212727_8022,italian
150_w_46th_st,new_york,290,le_marais,212869_0900,american
405_e_52nd_st,new_york,291,le_perigord,212755_6244,french
507_columbus_ave_between_84th_and_85th_sts,new_york,292,le_select,212875_1993,american
411_park_ave_s_between_28th_and_29th_sts,new_york,293,les_halles,212679_4111,french
51_w_64th_st,new_york,294,lincoln_tavern,212721_8271,american
30_west_22nd_st_between_5th_and_6th_ave,new_york,295,lola,212675_6700,american
59_grand_st_between_wooster_st_and_w_broadway,new_york,296,lucky_strike,212941_0479,or_212941_0772_american
2182_broadway_between_77th_and_78th_sts,new_york,297,mad_fish,212787_0202,seafood
446_columbus_ave_between_81st_and_82nd_sts,new_york,298,main_street,212873_5025,american
800_9th_ave_at_53rd_st,new_york,299,mangia_e_bevi,212956_3976,italian
1161_1st_ave_between_63rd_and_64th_sts,new_york,300,manhattan_cafe,212888_6556,american
325_e_14th_st_between_1st_and_2nd_aves,new_york,301,manila_garden,212777_6314,asian
342_e_46th_st_between_1st_and_2nd_aves,new_york,302,marichu,212370_1866,french
15_e_12th_st_between_5th_ave_and_university_pl,new_york,303,marquet_patisserie,212229_9313,coffee_bar
160_mercer_st_between_houston_and_prince_sts,new_york,304,match,212906_9173,american
1030_3rd_ave_at_61st_st,new_york,305,matthew_s,212838_4343,american
46_e_29th_st,new_york,306,mavalli_palace,212679_5535,asian
120_w_23rd_st,new_york,307,milan_cafe_and_coffee_bar,212807_1801,coffee_bar
60_e_54th_st,new_york,308,monkey_bar,212838_2600,american
1134_1st_ave_between_62nd_and_63rd_sts,new_york,309,montien,212421_4433,asian
551_5th_ave_at_45th_st,new_york,310,morton_s,212972_3315,american
104_w_57th_st_near_6th_ave,new_york,311,motown_cafe,212581_8030,american
32_w_32nd_st,new_york,312,new_york_kom_tang_soot_bul_house,212_9478482,asian
28_12_bowery_at_bayard_st,new_york,313,new_york_noodletown,212349_0923,asian
2_w_19th_st,new_york,314,newsbar,212255_3996,coffee_bar
145_w_broadway_at_thomas_st,new_york,315,odeon,212233_0507,american
322_w_46th_st,new_york,316,orso,212489_7212,italian
142_w_44th_st,new_york,317,osteria_al_droge,212944_3643,italian
68_e_56th_st,new_york,318,otabe,212223_7575,asian
138_lafayette_st_between_canal_and_howard_sts,new_york,319,pacifica,212941_4168,asian
151_w_51st_st,new_york,320,palio,212245_4850,italian
1065_1st_ave_at_58th_st,new_york,321,pamir,212644_9258,middle_eastern
24_e_81st_st,new_york,322,parioli_romanissimo,212288_2391,italian
250_park_ave_s_at_20th_st,new_york,323,patria,212777_6211,latin_american
301_park_ave_between_49th_and_50th_sts,new_york,324,peacock_alley,212872_4895,french
205_e_45th_st,new_york,325,pen_pencil,212682_8660,american
109_spring_st_between_greene_and_mercer_sts,new_york,326,penang_soho,212274_8883,asian
1423_2nd_ave_between_74th_and_75th_sts,new_york,327,persepolis,212535_1100,middle_eastern
140_w_57th_st,new_york,328,planet_hollywood,212333_7827,american
371_w_46th_st_off_9th_ave,new_york,329,pomaire,212_9563055,latin_american
551_amsterdam_ave_between_86th_and_87th_sts,new_york,330,popover_cafe,212595_8555,american
28_e_63rd_st,new_york,331,post_house,212935_2888,american
100_w_82nd_st,new_york,332,rain,212501_0776,asian
439_e_75th_st,new_york,333,red_tulip,212734_4893,eastern_european
37a_union_sq_w_between_16th_and_17th_sts,new_york,335,republic,212627_7172,asian
126_e_7th_st_between_1st_ave_and_ave_a,new_york,336,roettelle_a_g,212674_4140,continental
1063_1st_ave_at_58th_st,new_york,337,rosa_mexicano,212753_7407,mexican
148_w_51st_st,new_york,338,ruth_s_chris,212245_9600,american
133_mulberry_st_between_hester_and_grand_sts,new_york,339,spqr,212925_3120,italian
55_irving_pl,new_york,340,sal_anthony_s,212982_9030,italian
157_chrystie_st_at_delancey_st,new_york,341,sammy_s_roumanian_steak_house,212673_0330,east_european
18_e_54th_st,new_york,342,san_pietro,212753_9015,italian
1000_madison_ave_between_77th_and_78th_sts,new_york,343,sant_ambroeus,212570_2211,coffee_bar
423_amsterdam_ave_between_80th_and_81st_sts,new_york,344,sarabeth_s_kitchen,212496_6280,american
19_w_49th_st,new_york,345,sea_grill,212332_7610,seafood
3_225_e_60th_st,new_york,346,serendipity,212838_3531,american
643_park_ave_at_66th_st,new_york,347,seventh_regiment_mess_and_bar,212744_4107,american
58_w_65th_st,new_york,348,sfuzzi,212873_3700,american
57_w_48th_st,new_york,349,shaan,212_9778400,asian
1022_madison_ave_near_79th_st,new_york,350,sofia_fabulous_pizza,212734_2676,italian
62_spring_st_at_lafayette_st,new_york,351,spring_street_natural_restaurant_bar,212966_0290,american
834_7th_ave_between_53rd_and_54th_sts,new_york,352,stage_deli,212245_7850,delicatessen
428_amsterdam_ave_between_80th_and_81st_sts,new_york,353,stingray,212501_7515,seafood
76_mott_st_at_canal_st,new_york,354,sweet_n_tart_cafe,212334_8088,asian
143_mercer_st_at_prince_st,new_york,355,t_salon,212925_3700,coffee_bar
65_w_55th_st,new_york,356,tang_pavillion,212956_6888,asian
950_8th_ave_at_56th_st,new_york,357,tapika,212_3973737,american
103_1st_ave_between_6th_and_7th_sts,new_york,358,teresa_s,212228_0604,east_european
400_w_119th_st_between_amsterdam_and_morningside_aves,new_york,359,terrace,212666_9490,continental
350_9th_ave_at_49th_st,new_york,360,the_coffee_pot,212265_3566,coffee_bar
2420_broadway_at_89th_st,new_york,361,the_savannah_club,212496_1066,american
900_7th_ave_between_56th_and_57th_sts,new_york,362,trattoria_dell_arte,212245_9800,italian
345_e_83rd_st,new_york,363,triangolo,212472_4488,italian
375_greenwich_st_near_franklin_st,new_york,364,tribeca_grill,212941_3900,american
154_e_79th_st_between_lexington_and_3rd_aves,new_york,365,trois_jean,212988_4858,coffee_bar
34_e_51st_st,new_york,366,tse_yang,212688_5447,asian
386_3rd_ave_between_27th_and_28th_sts,new_york,367,turkish_kitchen,212679_1810,middle_eastern
222_w_79th_st,new_york,368,two_two_two,212799_0400,american
342_e_11th_st_near_1st_ave,new_york,369,veniero_s_pasticceria,212674_7264,coffee_bar
54_irving_pl_at_17th_st,new_york,370,verbena,212260_5454,american
52_236_w_52nd_st,new_york,371,victor_s_cafe,212586_7714,latin_american
70_w_68th_st,new_york,372,vince_eddie_s,212721_0068,american
200_e_54th_st,new_york,373,vong,212486_9592,american
500_e_30th_st,new_york,374,water_club,212683_3333,american
63rd_street_steakhouse_44_w_63rd_st,new_york,375,west,212246_6363,american
174_1st_ave_between_10th_and_11th_sts,new_york,376,xunta,212614_0620,mediterranean
34_union_sq_e_at_16th_st,new_york,377,zen_palate,212614_9291,and_212614_9345_asian
90_prince_st_between_broadway_and_mercer_st,new_york,378,zoe,212966_6722,american
163_ponce_de_leon_ave,atlanta,379,abbey,404876_8532,international
783_martin_luther_king_jr_dr,atlanta,380,aleck_s_barbecue_heaven,404525_2062,barbecue
3195_roswell_rd,atlanta,381,annie_s_thai_castle,404264_9546,asian
3109_piedmont_rd_just_south_of_peachtree_rd,atlanta,382,anthonys,404262_7379,american
265_pharr_rd,atlanta,383,atlanta_fish_market,404262_3165,american
260_e_paces_ferry_road,atlanta,384,beesley_s_of_buckhead,404264_1334,continental
3500_peachtree_rd_phipps_plaza,atlanta,385,bertolini_s,404233_2333,italian
1100_peachtree_st,atlanta,386,bistango,404724_0901,mediterranean
7050_jimmy_carter_blvd_norcross,atlanta,387,cafe_renaissance,770441_0291,american
1186_n_highland_ave,atlanta,388,camille_s,404872_7203,italian
3300_peachtree_rd_grand_hyatt,atlanta,389,cassis,404365_8100,mediterranean
50_hurt_plaza,atlanta,390,city_grill,404524_2489,international
40_buckhead_crossing_mall_on_the_sidney_marcus_blvd,atlanta,391,coco_loco,404364_0212,caribbean
1879_cheshire_bridge_rd,atlanta,392,colonnade_restaurant,404874_5642,southern
3380_peachtree_rd,atlanta,393,dante_s_down_the_hatch_buckhead,404266_1600,continental
underground_underground_mall_underground_atlanta,atlanta,394,dante_s_down_the_hatch,404577_1800,continental
1811_piedmont_ave_near_cheshire_bridge_rd,atlanta,395,fat_matt_s_rib_shack,404607_1622,barbecue
923_peachtree_st_at_8th_st,atlanta,396,french_quarter_food_shop,404875_2489,southern
6359_jimmy_carter_blvd_at_buford_hwy_norcross,atlanta,397,holt_bros_barbq,770242_3984,barbecue
4320_powers_ferry_rd,atlanta,398,horseradish_grill,404255_7277,southern
192_peachtree_center_ave_at_international_blvd,atlanta,399,hsu_s_gourmet,404659_2788,asian
2285_peachtree_rd_peachtree_battle_condominium,atlanta,400,imperial_fez,404351_0870,mediterranean
3300_peachtree_rd_grand_hyatt,atlanta,401,kamogawa,404841_0314,asian
holiday_inncrowne_plaza_at_ravinia_dunwoody,atlanta,402,la_grotta_at_ravinia_dunwoody_rd,770395_9925,italian
c_buford_hwy_northwoods_plaza_doraville,atlanta,403,little_szechuan,770451_0192,asian
6301_roswell_rd_sandy_springs_plaza_sandy_springs,atlanta,404,lowcountry_barbecue,404255_5160,barbecue
1931_peachtree_rd,atlanta,405,luna_si,404355_5993,continental
1402_n_highland_ave,atlanta,406,mambo_restaurante_cubano,404874_2626,caribbean
3209_maple_dr,atlanta,407,mckinnon_s_louisiane,404237_1313,southern
park_place_across_from_perimeter_mall_dunwoody,atlanta,408,mi_spia_dunwoody_rd,770393_1333,italian
247_buckhead_ave_east_village_sq,atlanta,409,nickiemoto_s_a_sushi_bar,404842_0334,fusion
1829_peachtree_rd,atlanta,410,palisades,404350_6755,continental
555_peachtree_st_at_linden_ave,atlanta,411,pleasant_peasant,404874_3223,american
500_pharr_rd,atlanta,412,pricci,404237_2941,italian
870_n_highland_ave,atlanta,413,rj_s_uptown_kitchen_wine_bar,404875_7775,american
25_irby_ave,atlanta,414,rib_ranch,404233_7644,barbecue
3043_buford_hwy,atlanta,415,sa_tsu_ki,404325_5285,asian
6050_peachtree_pkwy_norcross,atlanta,416,sato_sushi_and_thai,770449_0033,asian
1144_crescent_ave,atlanta,417,south_city_kitchen,404873_7358,southern
2345_cheshire_bridge_rd,atlanta,418,south_of_france,404325_6963,french
3384_shallowford_rd_chamblee,atlanta,419,stringer_s_fish_camp_and_oyster_bar,770458_7145,southern
2165_cheshire_bridge_rd,atlanta,420,sundown_cafe,404321_1118,american
889_w_peachtree_st,atlanta,421,taste_of_new_orleans,404874_5535,southern
3393_peachtree_rd,atlanta,422,tomtom,404264_1163,continental
3700_w_flamingo,las_vegas,423,antonio_s,702252_7737,italian
3645_las_vegas_blvd_s,las_vegas,424,bally_s_big_kitchen,702739_4111,buffets
4850_flamingo_rd,las_vegas,425,bamboo_garden,702871_3262,asian
4041_audrie_st_at_flamingo_rd,las_vegas,426,battista_s_hole_in_the_wall,702732_1424,italian
3570_las_vegas_blvd_s,las_vegas,427,bertolini_s,702735_4663,italian
128_fremont_st,las_vegas,428,binion_s_coffee_shop,702382_1600,coffee_shopsdiners
3400_las_vegas_blvd_s,las_vegas,429,bistro,702791_7111,continental
4111_boulder_hwy,las_vegas,430,broiler,702432_7777,american
3555_las_vegas_blvd_s,las_vegas,431,bugsy_s_diner,702733_3111,coffee_shopsdiners
1350_e_flamingo_rd,las_vegas,432,cafe_michelle,702735_8686,american
3570_las_vegas_blvd_s,las_vegas,433,cafe_roma,702731_7547,coffee_shopsdiners
3333_s_maryland_pkwy,las_vegas,434,capozzoli_s,702731_5311,italian
3700_w_flamingo_rd,las_vegas,435,carnival_world,702252_7777,buffets
1_main_st,las_vegas,436,center_stage_plaza_hotel,702386_2512,american
2880_las_vegas_blvd_s,las_vegas,437,circus_circus,702734_0410,buffets
3570_las_vegas_blvd_s,las_vegas,438,em_press_court,702731_7888,asian
2411_w_sahara_ave,las_vegas,439,feast,702367_2411,buffets
129_e_fremont_st,las_vegas,440,golden_nugget_hotel,702385_7111,buffets
308_w_sahara_ave,las_vegas,441,golden_steer,702384_4470,steak_houses
129_e_fremont_st,las_vegas,442,lillie_langtry_s,702385_7111,asian
1510_e_flamingo_rd,las_vegas,443,mandarin_court,702737_1234,asian
3120_las_vegas_blvd_s,las_vegas,444,margarita_s_mexican_cantina,702794_8200,mexican
5111_w_boulder_hwy,las_vegas,445,mary_s_diner,702454_8073,coffee_shopsdiners
3400_las_vegas_blvd_s,las_vegas,446,mikado,702791_7111,asian
400_e_sahara_ave,las_vegas,447,pamplemousse,702733_2066,continental
3000_las_vegas_blvd_s,las_vegas,448,ralph_s_diner,702732_6330,coffee_shopsdiners
3570_las_vegas_blvd_s,las_vegas,449,the_bacchanal,702731_7525,only_in_las_vegas
3713_w_sahara_ave,las_vegas,450,venetian,702876_4190,italian
6182_w_flamingo_rd,las_vegas,451,viva_mercado_s,702871_8826,mexican
3900_paradise_rd,las_vegas,452,yolie_s,702794_0700,steak_houses
2223_market_st,san_francisco,453,2223,415431_0692,american
1722_sacramento_st,san_francisco,454,acquarello,415567_5432,italian
243_o_farrell_st,san_francisco,455,bardelli_s,415982_0243,old_san_francisco
2030_union_st,san_francisco,456,betelnut,415929_8855,asian
155_steuart_st,san_francisco,457,bistro_roti,415495_6500,french
56_gold_st,san_francisco,458,bix,415433_6300,american
598_fourth_st,san_francisco,459,bizou,415543_2222,french
800_greenwich_st,san_francisco,460,buca_giovanni,415776_7766,italian
3347_fillmore_st,san_francisco,461,cafe_adriano,415474_4180,italian
2317_chestnut_st,san_francisco,462,cafe_marimba,415776_1506,mexicanlatin_americanspanish
625_polk_st,san_francisco,463,california_culinary_academy,415771_3500,french
1600_powell_st,san_francisco,464,capp_s_corner,415989_2589,italian
1772_market_st,san_francisco,465,carta,415863_3516,american
4th_and_howard_sts,san_francisco,466,chevys,415543_8060,mexicanlatin_americanspanish
500_jackson_st,san_francisco,467,cypress_club,415296_8555,american
732_broadway,san_francisco,468,des_alpes,415788_9900,french
161_sutter_st,san_francisco,469,faz,415362_0404,greek_and_middle_eastern
1300_battery_st,san_francisco,470,fog_city_diner,415982_2000,american
market_and_new_montgomery_sts,san_francisco,471,garden_court,415546_5011,old_san_francisco
ghirardelli_sq,san_francisco,472,gaylord_s,415771_8822,asian
501_geary_st,san_francisco,473,grand_cafe_hotel_monaco,415292_0101,american
bldg_a_fort_mason,san_francisco,474,greens,415771_6222,vegetarian
4_embarcadero_center,san_francisco,475,harbor_village,415781_8833,asian
2100_van_ness_ave,san_francisco,476,harris,415673_1888,steak_houses
161_steuart_st,san_francisco,477,harry_denton_s,415882_1333,american
320_hayes_st,san_francisco,478,hayes_street_grill,415863_5545,seafood
430_broadway,san_francisco,479,helmand,415362_0641,greek_and_middle_eastern
5322_geary_blvd,san_francisco,480,hong_kong_flower_lounge,415668_8998,asian
2332_clement_st,san_francisco,481,hong_kong_villa,415752_8833,asian
1521_hyde_st,san_francisco,482,hyde_street_bistro,415441_7778,italian
1265_battery_st,san_francisco,483,il_fornaio_levi_s_plaza,415986_0100,italian
3345_steiner_st,san_francisco,484,izzy_s_steak_chop_house,415563_0487,steak_houses
615_sacramento_st,san_francisco,485,jack_s,415986_9854,old_san_francisco
5116_geary_blvd,san_francisco,486,kabuto_sushi,415752_5652,asian
600_5th_ave,san_francisco,487,katia_s,415668_9292,
221_powell_st,san_francisco,488,kuleto_s,415397_7720,italian
2_new_montgomery_st_at_market_st,san_francisco,489,kyoya_sheraton_palace_hotel,415546_5000,asian
519_columbus_ave,san_francisco,490,l_osteria_del_forno,415982_1124,italian
453_bush_st,san_francisco,491,le_central,415391_2233,french
133_clement_st,san_francisco,492,le_soleil,415668_4848,asian
607_front_st,san_francisco,493,macarthur_park,415398_5700,american
3226_mission_st,san_francisco,494,manora,415861_6224,asian
470_green_st,san_francisco,495,maykadeh,415362_8286,greek_and_middle_eastern
ghirardelli_sq,san_francisco,496,mccormick_kuleto_s,415929_1730,seafood
246_mcallister_st,san_francisco,497,millennium,415487_9800,vegetarian
1652_stockton_st,san_francisco,498,moose_s,415989_7800,mediterranean
3131_webster_st,san_francisco,499,north_india,415931_1556,asian
1_market_st,san_francisco,500,one_market,415777_5577,american
1915_fillmore_st,san_francisco,501,oritalia,415346_1333,italian
500_post_st,san_francisco,502,pacific_pan_pacific_hotel,415929_2087,french
640_sacramento_st,san_francisco,503,palio_d_asti,415395_9800,italian
3011_steiner_st,san_francisco,504,pane_e_vino,415346_2111,italian
1015_battery_st,san_francisco,505,pastis,415391_2555,french
1944_union_st,san_francisco,506,perry_s,415922_9022,american
631_b_kearny_st,san_francisco,507,r_g_lounge,415982_7877,or_415982_3811_asian
558_sacramento_st,san_francisco,508,rubicon,415434_4100,american
1_tillman_pl,san_francisco,509,rumpus,415421_2300,american
1702_post_st,san_francisco,510,sanppo,415346_3486,asian
432_powell_st,san_francisco,511,scala_s_bistro,415395_8555,italian
108_south_park,san_francisco,512,south_park_cafe,415495_7275,french
4,san_francisco,513,splendido_embarcadero,415986_3222,mediterranean
150_redwood_alley,san_francisco,514,stars,415861_7827,american
500_van_ness_ave,san_francisco,515,stars_cafe,415861_4344,american
1240_9th_ave,san_francisco,516,stoyanof_s_cafe,415664_3664,greek_and_middle_eastern
3300_geary_blvd,san_francisco,517,straits_cafe,415668_1783,asian
601_hayes_st,san_francisco,518,suppenkuche,415252_9289,russiangerman
240_california_st,san_francisco,519,tadich_grill,415391_2373,seafood
3235_sacramento_st,san_francisco,520,the_heights,415474_8890,french
298_gough_st,san_francisco,521,thepin,415863_9335,asian
3148_geary_blvd,san_francisco,522,ton_kiang,415752_4440,asian
600_montgomery_st,san_francisco,523,vertigo,415433_7250,mediterranean
2125_fillmore_st,san_francisco,524,vivande_porta_via,415346_4430,italian
670_golden_gate_ave,san_francisco,525,vivande_ristorante,415673_9245,italian
2257_chestnut_st,san_francisco,526,world_wrapps,415563_9727,american
101_spear_st,san_francisco,527,wu_kong,415957_9300,asian
427_battery_st,san_francisco,528,yank_sing,415541_4949,asian
1220_9th_ave,san_francisco,529,yaya_cuisine,415566_6966,greek_and_middle_eastern
1611_post_st,san_francisco,530,yoyo_tsumami_bistro,415922_7788,french
2000_hyde_st,san_francisco,531,zarzuela,415346_0800,mexicanlatin_americanspanish
1658_market_st,san_francisco,532,zuni_cafe_grill,415552_2522,mediterranean
10801_w_pico_blvd,west_la,534,apple_pan_the,3104753585,american
2027_sawtelle_blvd,west_la,535,asahi_ramen,3104792231,noodle_shops
3345_kimber_dr,westlake_village,536,baja_fresh,8054984049,mexican
9882_little_santa_monica_blvd,beverly_hills,537,belvedere_the,3107882306,pacific_new_wave
1433_third_st_promenade,santa_monica,538,benita_s_frites,3104582889,fast_food
515_s_olive_st,los_angeles,539,bernard_s,2136121580,continental
45_s_mentor_ave,pasadena,540,bistro_45,8187952478,californian
19565_parthenia_ave,northridge,541,brent_s_deli,8188865679,delis
9600_brighton_way,beverly_hills,542,brighton_coffee_shop,3102767732,coffee_shops
1570_rosecrans_ave_s,pasadena,543,bristol_farms_market_cafe,3106435229,californian
3838_centinela_ave,mar_vista,544,bruno_s,3103975703,italian
838_lincoln_blvd,venice,545,cafe_50s,3103991955,american
9777_little_santa_monica_blvd,beverly_hills,546,cafe_blanc,3108880108,pacific_new_wave
3266_w_sixth_st,la,547,cassell_s,2134808668,hamburgers
1716_pch,redondo_beach,548,chez_melange,3105401222,eclectic
1020_n_san_vicente_blvd,w_hollywood,549,diaghilev,3108541111,russian
1136_westwood_blvd,westwood,550,don_antonio_s,3102091422,italian
8909_sunset_blvd,w_hollywood,551,duke_s,3106523100,coffee_shops
1059_broxton_ave,westwood,552,falafel_king,3102084444,middle_eastern
1949_westwood_blvd,west_la,553,feast_from_the_east,3104750400,chinese
6333_w_third_st,la,554,gumbo_pot_the,2139330358,cajuncreole
6145_franklin_ave,hollywood,555,hollywood_hills_coffee_shop,2134677678,coffee_shops
10428_12_national_blvd,la,556,indo_cafe,3108151290,indonesian
8424_beverly_blvd,la,557,jan_s_family_restaurant,2136512866,coffee_shops
502_santa_monica_blvd,santa_monica,558,jiraffe,3109176671,californian
2011_ocean_front_walk,venice,559,jody_maroni_s_sausage_kingdom,3103061995,hot_dogs
1023_abbot_kinney_blvd,venice,560,joe_s,3103995811,american_new
10516_w_pico_blvd,west_la,561,john_o_groats,3102040692,coffee_shops
4017_s_sepulveda_blvd,culver_city,562,johnnie_s_pastrami,3103976654,delis
4663_long_beach_blvd,long_beach,563,johnny_reb_s_southern_smokehouse,3104237327,southernsoul
7507_melrose_ave,la,564,johnny_rockets_la,2136513361,american
4000_colfax_ave,studio_city,565,killer_shrimp,8185081570,seafood
6333_w_third_st,la,566,kokomo_cafe,2139330773,american
8393_w_beverly_blvd,la,567,koo_koo_roo,2136559045,chicken
10506_little_santa_monica_blvd,century_city,568,la_cachette,3104704992,french_new
22800_pch,malibu,569,la_salsa_la,3104566299,mexican
1842_e_first,st_boyle_hts,570,la_serenata_de_garibaldi,2132652887,mexicantexmex
704_s_alvarado_st,la,571,langer_s,2134838050,delis
30869_thousand_oaks_blvd,westlake_village,572,local_nochol,8187067706,health_food
10509_w_pico_blvd,rancho_park,573,main_course_the,3104757564,american
519_s_fairfax_ave,la,574,mani_s_bakery_espresso_bar,2139388800,desserts
22nd_street_grill_25_22nd,st_hermosa_beach,575,martha_s,3103767786,american
13329_washington_blvd,marina_del_rey,576,maxwell_s_cafe,3103067829,american
1147_third_st,santa_monica,577,michael_s_los_angeles,3104510843,californian
8474_w_third_st,la,578,mishima,2137820181,noodle_shops
7261_melrose_ave,la,579,mo_better_meatty_meat,2139355280,hamburgers
17040_ventura_blvd,encino,580,mulberry_st,8189068881,pizza
3117_ocean_park_blvd,santa_monica,581,ocean_park_cafe,3104525728,american
145_n_atlantic_blvd,monterey_park,582,ocean_star,8183082128,seafood
875_s_figueroa_st_downtown,la,583,original_pantry_bakery,2136276879,diners
510_s_arroyo_pkwy,pasadena,584,parkway_grill,8187951001,californian
642_broadway,chinatown,585,pho_hoa,2136265530,vietnamese
709_n_la_brea_ave,la,586,pink_s_famous_chili_dogs,2139314223,hot_dogs
2635_w_olive_ave,burbank,587,poquito_mas,8185632252,mexican
923_e_third_st,los_angeles,588,r23,2136877178,japanese
2901_pico_blvd,santa_monica,589,rae_s,3108287937,diners
15322_ventura_blvd,encino,590,rubin_s_red_hots,8189056515,hot_dogs
45_s_fair_oaks_ave,pasadena,591,ruby_s_la,8187967829,diners
1198_pch,seal_beach,592,russell_s_burgers,3105969556,hamburgers
224_s_beverly_dr,beverly_hills,593,ruth_s_chris_steak_house_los_angeles,3108598744,steakhouses
1505_mission_st_s,pasadena,594,shiro,8187994774,pacific_new_wave
11288_ventura_blvd,studio_city,595,sushi_nozawa,8185087017,japanese
8360_melrose_ave,la,596,sweet_lady_jane,2136537145,desserts
11677_san_vicente_blvd,brentwood,597,taiko,3102077782,noodle_shops
2575_beverly_blvd,la,598,tommy_s,2133899060,hamburgers
1305_highland_ave,manhattan_beach,599,uncle_bill_s_pancake_house,3105455177,diners
544_s_grand_ave,los_angeles,600,water_grill,2138910900,seafood
1415_e_colorado_st,glendale,601,zankou_chicken,8182441937,middle_eastern
764_ninth_ave,new_york_city,602,afghan_kebab_house,2123071612,afghan
21_e_62nd_st,new_york_city,603,arcadia,2122232900,american_new
93_ave_a,new_york_city,604,benny_s_burritos,2122542054,mexican
424_amsterdam_ave,new_york_city,605,cafe_con_leche,2125957000,cuban
331_w_fourth_st,new_york_city,606,corner_bistro,2122429502,hamburgers
368_bleecker_st,new_york_city,607,cucina_della_fontana,2122420636,italian
87_e_fourth_st,new_york_city,608,cucina_di_pesce,2122606800,seafood
44_w_56th_st,new_york_city,609,darbar,2124327227,indian
432_sixth_ave,new_york_city,610,ej_s_luncheonette,2124735555,diners
228_w_47th_st,new_york_city,611,edison_cafe,2128405000,diners
2402_31st_st,queens,612,elias_corner,7189321510,greek
483_amsterdam_ave,new_york_city,613,good_enough_to_eat,2124960163,american
2090_broadway,new_york_city,614,gray_s_papaya,2127990243,hot_dogs
86_w_third_st,new_york_city,615,il_mulino,2126733783,italian
3703_74th_st,queens,616,jackson_diner,7186721232,indian
9_pell_st,queens,617,joe_s_shanghai,7185393838,chinese
48_w_65th_st,new_york_city,618,john_s_pizzeria,2127217001,pizza
127_greene_st,new_york_city,619,kelley_ping,2122281212,panasian
117_second_ave,new_york_city,620,kiev,2126744040,ukrainian
2nd_fl,new_york_city,621,kuruma_zushi,2123172802,japanese
2199_broadway,new_york_city,622,la_caridad,2128742780,cuban
3_e_52nd_st,new_york_city,623,la_grenouille,2127521495,french_classic
61a_seventh_ave,brooklyn,624,lemongrass_grill,7183997100,thai
32_spring_st,new_york_city,625,lombardi_s,2129417994,pizza
466_hudson_st,new_york_city,626,marnie_s_noodle_shop,2127413214,asian
39_w_55th_st,new_york_city,627,menchankotei,2122471585,japanese
296_bleecker_st,new_york_city,628,mitali_eastwest,2129891367,indian
435_amsterdam_ave,new_york_city,629,monsoon_ny,2125808686,thai
405_atlantic_ave,brooklyn,630,moustache,7188525555,middle_eastern
105_hudson_st,new_york_city,631,nobu,2122190500,japanese
17_barrow_st,new_york_city,632,one_if_by_land_tibs,2122280822,continental
lower_level,new_york_city,633,oyster_bar,2124906650,seafood
837_second_ave,new_york_city,634,palm,2126872953,steakhouses
840_second_ave,new_york_city,635,palm_too,2126975198,steakhouses
19_old_fulton_st,brooklyn,636,patsy_s_pizza,7188584300,pizza
178_broadway,brooklyn,637,peter_luger_steak_house,7183877400,steakhouses
308_e_sixth_st,new_york_city,638,rose_of_india,2125335011,indian
411_third_ave,new_york_city,639,sam_s_noodle_shop,2122132288,chinese
1295_madison_ave,new_york_city,640,sarabeth_s,2124107335,american
210_e_46th_st,new_york_city,641,sparks_steak_house,2126874855,steakhouses
516_51st_ave,queens,642,stick_to_your_ribs,7189373030,bbq
38_e_51st_st,new_york_city,643,sushisay,2127551780,japanese
328_lenox_ave,new_york_city,644,sylvia_s,2129960660,southernsoul
1588_york_ave,new_york_city,645,szechuan_hunan_cottage,2125355223,chinese
1460_first_ave,new_york_city,646,szechuan_kitchen,2122494615,chinese
80_montague_st,queens,647,teresa_s,7185202910,polish
151_hudson_st,new_york_city,648,thai_house_cafe,2123341085,thai
106_bayard_st,new_york_city,649,thailand_restaurant,2123493132,thai
144_second_ave,new_york_city,650,veselka,2122289682,ukrainian
689_ninth_ave,new_york_city,651,westside_cottage,2122450800,chinese
107th_fl,new_york_city,652,windows_on_the_world,2125247000,eclectic
205_e_49th_st,new_york_city,653,wollensky_s_grill,2127530444,steakhouses
122_e_17th_st,new_york_city,654,yama,2124750969,japanese
953_second_ave,new_york_city,655,zarela,2126446740,mexican
401_s_6th_st,las_vegas,656,andre_s_french_restaurant,7023855016,french_classic
3300_las_vegas_blvd_s,las_vegas,657,buccaneer_bay_club,7028947350,continental
3700_w_flamingo_rd,las_vegas,658,buzio_s_in_the_rio,7022527697,seafood
3799_las_vegas_blvd_s,las_vegas,659,em_eril_s_new_orleans_fish_house,7028917374,seafood
3700_w_flamingo_rd,las_vegas,660,fiore_rotisserie_grille,7022527702,italian
202_e_fremont_st,las_vegas,661,hugo_s_cellar,7023854011,continental
3300_las_vegas_blvd_s,las_vegas,662,madame_ching_s,7028947111,asian
4750_w_sahara_ave,las_vegas,663,mayflower_cuisinier,7028708432,chinese
3595_las_vegas_blvd_s,las_vegas,664,michael_s_las_vegas,7027377111,continental
3145_las_vegas_blvd_s,las_vegas,665,monte_carlo,7027334524,french_new
3400_las_vegas_blvd_s,las_vegas,666,moongate,7027917352,chinese
3200_las_vegas_blvd_s,las_vegas,667,morton_s_of_chicago_las_vegas,7028930703,steakhouses
3925_paradise_rd,las_vegas,668,nicky_blair_s,7027929900,italian
355_convention_center_dr,las_vegas,669,piero_s_restaurant,7023692305,italian
3500_las_vegas_blvd_s,las_vegas,670,spago_las_vegas,7023696300,californian
128_e_fremont_st,las_vegas,671,steakhouse_the,7023821600,steakhouses
129_fremont_st,las_vegas,672,stefano_s,7023857111,italian
3645_las_vegas_blvd_s,las_vegas,673,sterling_brunch,7027394651,eclectic
3799_las_vegas_blvd_s,las_vegas,674,tre_visi,7028917331,italian
103_w_paces_ferry_rd,atlanta,675,103_west,4042335993,continental
659_peachtree_st,atlanta,676,alon_s_at_the_terrace,4047240444,sandwiches
1134_euclid_ave,atlanta,677,baker_s_cajun_cafe,4042235039,cajuncreole
1437_virginia_ave,atlanta,678,barbecue_kitchen,4047669906,bbq
56_e_andrews_dr_nw,atlanta,679,bistro_the,4042315733,french_bistro
375_14th_st,atlanta,680,bobby_june_s_kountry_kitchen,4048763872,southernsoul
2911_s_pharr_court,atlanta,681,bradshaw_s_restaurant,4042617015,southernsoul
4274_peachtree_rd,atlanta,682,brookhaven_cafe,4042315907,vegetarian
5975_roswell_rd,atlanta,683,cafe_sunflower,4042561675,health_food
4199_paces_ferry_rd,atlanta,684,canoe,7704322663,american_new
1021_cobb_pkwy_se,marietta,685,carey_s,7704228042,hamburgers
1215_powers_ferry_rd,marietta,686,carey_s_corner,7709330909,hamburgers
70_w_paces_ferry_rd,atlanta,687,chops,4042622675,steakhouses
4279_roswell_rd,atlanta,688,chopstix,4042554868,chinese
1029_edgewood_ave_se,atlanta,689,deacon_burton_s_soulfood_restaurant,4045231929,southernsoul
600_ponce_de_leon_ave,atlanta,690,eats,4048889149,italian
1655_mclendon_ave,atlanta,691,flying_biscuit_the,4046878888,eclectic
1031_peachtree_st_ne,atlanta,692,frijoleros,4048928226,texmex
1087_green_st,roswell,693,greenwood_s,7709925383,southernsoul
171_mcdonough_blvd,atlanta,694,harold_s_barbecue,4046279268,bbq
2905_buford_hwy,atlanta,695,havana_sandwich_shop,4046364094,cuban
2469_cobb_pkwy,smyrna,696,house_of_chan,7709559444,chinese
3675_satellite_blvd,duluth,697,indian_delights,1008138212,indian
790_ponce_de_leon_ave,atlanta,698,java_jive,4048766161,coffee_shops
2970_cobb_pkwy,atlanta,699,johnny_rockets_at,7709556068,american
1248_clairmont_rd,decatur,700,kalo_s_coffee_house,4043253733,coffeehouses
4427_roswell_rd,atlanta,701,la_fonda_latina,4043038201,spanish
3525_mall_blvd,duluth,702,lettuce_souprise_you_at,7704189969,cafeterias
1031_ponce_de_leon_ave,atlanta,703,majestic,4048750276,diners
303_peachtree_st_ne,atlanta,704,morton_s_of_chicago_atlanta,4045774366,steakhouses
1248_clairmont_rd,atlanta,705,my_thai,4046364280,thai
3060_peachtree_rd,atlanta,706,nava,4042401984,southwestern
1495_chattahoochee_ave_nw,atlanta,707,nuevo_laredo_cantina,4043529009,mexican
4330_peachtree_rd,atlanta,708,original_pancake_house_at,4042374116,american
3391_peachtree_rd_ne,atlanta,709,palm_the_atlanta,4048141955,steakhouses
2118_n_decatur_rd,decatur,710,rainbow_restaurant,4046333538,vegetarian
519_e_paces_ferry_rd,atlanta,712,riviera,4042627112,mediterranean
200_14th_st_nw,atlanta,713,silver_skillet_the,4048741388,coffee_shops
3330_piedmont_rd,atlanta,714,soto,4042332005,japanese
764_marietta_st_nw,atlanta,715,thelma_s_kitchen,4046885855,cafeterias
774_ponce_de_leon_ave_ne,atlanta,716,tortillas,4048920193,texmex
70_w_crossville_rd,roswell,717,van_gogh_s_restaurant_bar,7709931156,american_new
220_sandy_springs_circle,atlanta,718,veggieland,4042313111,vegetarian
3172_peachtree_rd_ne,atlanta,719,white_house_restaurant,4042377601,diners
4837_old_national_hwy,college_park,720,zabelee,4047682705,thai
2315_clement_st,san_francisco,721,bill_s_place,4152215262,hamburgers
2298_market_st,san_francisco,722,cafe_flore,4156218579,californian
423_columbus_ave,san_francisco,723,caffe_greco,4153976261,continental
240_columbus_ave,san_francisco,724,campo_santo,4154339623,mexican
1805_haight_st,san_francisco,725,cha_cha_cha_s,4153865758,caribbean
2217_union_st,san_francisco,726,doidge_s,4159212149,american
522_jones_st,san_francisco,727,dottie_s_true_blue_cafe,4158852767,diners
3221_mission_st,san_francisco,728,dusit_thai,4158264639,thai
1283_ninth_ave,san_francisco,729,ebisu,4155661770,japanese
1550_california_st,san_francisco,730,em_erald_garden_restaurant,4156731155,vietnamese
1500_church_st,san_francisco,731,eric_s_chinese_restaurant,4152820919,chinese
1582_folsom_st,san_francisco,732,hamburger_mary_s,4156261985,hamburgers
333_bush_st,san_francisco,733,kelly_s_on_trinity,4153624454,californian
515_valencia_st,san_francisco,734,la_cumbre,4158638205,mexican
288_noe_st,san_francisco,735,la_mediterranee,4154317210,mediterranean
2889_mission_st,san_francisco,736,la_taqueria,4152857117,mexican
2209_polk_st,san_francisco,737,mario_s_bohemian_cigar_store_cafe,4157768226,italian
2225_irving_st,san_francisco,738,marnee_thai,4156659500,thai
3355_geary_st,san_francisco,739,mel_s_drivein,4153872244,hamburgers
1322_grant_st,san_francisco,740,mo_s_burgers,4157883779,hamburgers
631_larkin_st,san_francisco,741,phnom_penh_cambodian_restaurant,4157755979,cambodian
2817_24th_st,san_francisco,742,roosevelt_tamale_parlor,4155509213,mexican
300_de_haro_st,san_francisco,743,sally_s_cafe_bakery,4156266006,american
1328_18th_st,san_francisco,744,san_francisco_bbq,4154318956,thai
584_valencia_st,san_francisco,745,slanted_door,4158618032,vietnamese
1517_polk_st,san_francisco,746,swan_oyster_depot,4156731101,seafood
400_waller_st,san_francisco,747,thep_phanom,4154312526,thai
3108_16th_st,san_francisco,748,ti_couz,4152527373,french
1870_fillmore_st,san_francisco,749,trio_cafe,4155632248,american
8_sixth_st,san_francisco,750,tu_lan,4156260927,vietnamese
201_ivy_st,san_francisco,751,vicolo_pizzeria,4158632382,pizza
2141_polk_st,san_francisco,752,wahaka_oaxaca_mexican_grill,4157751055,mexican
435_s_la_cienega_blvd,los_angeles,0,arnie_morton_s_of_chicago,3102461501,steakhouses
12224_ventura_blvd,studio_city,1,art_s_deli,8187621221,delis
701_stone_canyon_rd,bel_air,2,belair_hotel,3104721211,californian
14016_ventura_blvd,sherman_oaks,3,cafe_bizou,8187883536,french_bistro
624_s_la_brea_ave,los_angeles,4,campanile,2139381447,californian
2709_main_st,santa_monica,5,chinois_on_main,3103929025,pacific_new_wave
6703_melrose_ave,los_angeles,6,citrus,2138570034,californian
8358_sunset_blvd,w_hollywood,7,fenix_at_the_argyle,2138486677,french_new
23725_w_malibu_rd,malibu,8,granita,3104560488,californian
9560_dayton_way,beverly_hills,9,grill_the,3102760615,american_traditional
1972_hillhurst_ave,los_feliz,10,katsu,2136651891,japanese
903_n_la_cienega_blvd,w_hollywood,11,l_orangerie,3106529770,french_classic
8284_melrose_ave,los_angeles,12,le_chardonnay_los_angeles,2136558880,french_bistro
8638_w_third_st,los_angeles,13,locanda_veneta,3102741893,italian
129_n_la_cienega_blvd,beverly_hills,14,matsuhisa,3106599639,seafood
9001_santa_monica_blvd,w_hollywood,15,palm_the_los_angeles,3105508811,steakhouses
5955_melrose_ave,los_angeles,16,patina,2134671108,californian
1001_n_alameda_st,chinatown,17,philippe_the_original,2136283781,cafeterias
12969_ventura_blvd,studio_city,18,pinot_bistro,8189900500,french_bistro
617_s_olive_st,los_angeles,19,rex_il_ristorante,2136272300,nuova_cucina_italian
8795_sunset_blvd,w_hollywood,20,spago_los_angeles,3106524025,californian
3115_pico_blvd,santa_monica,21,valentino,3108294313,italian
67_n_raymond_ave,pasadena,22,yujean_kang_s,8185850855,chinese
21_w_52nd_st,new_york_city,23,21_club,2125827200,american_new
13_w_54th_st,new_york_city,24,aquavit,2123077311,scandinavian
34_e_61st_st,new_york_city,25,aureole,2123191660,american_new
201_w_83rd_st,new_york_city,26,cafe_lalo,2124966031,coffeehouses
1_w_67th_st,new_york_city,27,cafe_des_artistes,2128773500,french_classic
2450_broadway,new_york_city,28,carmine_s,2123622200,italian
854_seventh_ave,new_york_city,29,carnegie_deli,2127572245,delis
2_harrison_st,new_york_city,30,chanterelle,2129666960,french_new
20_e_76th_st,new_york_city,31,daniel,2122880033,french_new
210_e_58th_st,new_york_city,32,dawat,2123557555,indian
243_e_58th_st,new_york_city,33,felidia,2127581479,italian
99_e_52nd_st,new_york_city,34,four_seasons,2127549494,american_new
12_e_12th_st,new_york_city,35,gotham_bar_grill,2126204020,american_new
42_e_20th_st,new_york_city,36,gramercy_tavern,2124770777,american_new
402_w_44th_st,new_york_city,37,island_spice,2127651737,caribbean
160_e_64th_st,new_york_city,38,jo_jo,2122235656,french_bistro
33_w_55th_st,new_york_city,39,la_caravelle,2125864252,french_classic
60_w_55th_st,new_york_city,40,la_cote_basque,2126886525,french_classic
155_w_51st_st,new_york_city,41,le_bernardin,2124891515,seafood
155_w_58th_st,new_york_city,42,les_celebrites,2124845113,french_classic
2_e_55th_st,new_york_city,43,lespinasse_new_york_city,2123396719,asian
249_e_50th_st,new_york_city,44,lutece,2127522225,french_classic
57_w_58th_st,new_york_city,45,manhattan_ocean_club,2123717777,seafood
405_e_58th_st,new_york_city,46,march,2127546272,american_new
102_fifth_ave,new_york_city,47,mesa_grill,2128077400,southwestern
57_jane_st,new_york_city,48,mi_cocina,2126278273,mexican
239_w_broadway,new_york_city,49,montrachet,2122192777,french_bistro
55_e_54th_st,new_york_city,50,oceana,2127595941,seafood
100_e_63rd_st,new_york_city,51,park_avenue_cafe_new_york_city,2126441900,american_new
182_w_58th_st,new_york_city,52,petrossian,2122452214,russian
35_w_64th_st,new_york_city,53,picholine,2127248585,mediterranean
95_ave_a,new_york_city,54,pisces,2122606660,seafood
30_rockefeller_plaza,new_york_city,55,rainbow_room,2126325000,american_new
1_water_st,brooklyn,56,river_cafe,7185225200,american_new
240_central_park_s,new_york_city,57,san_domenico,2122655959,italian
156_second_ave,new_york_city,58,second_avenue_deli,2126770606,delis
11_e_53rd_st,new_york_city,59,seryna,2129809393,japanese
155_e_55th_st,new_york_city,60,shun_lee_palace,2123718844,chinese
1110_third_ave,new_york_city,61,sign_of_the_dove,2128618080,american_new
797_third_ave,new_york_city,62,smith_wollensky,2127531530,steakhouses
central_park_west,new_york_city,63,tavern_on_the_green,2128733200,american_new
747_ninth_ave,new_york_city,64,uncle_nick_s,2122457992,greek
21_e_16th_st,new_york_city,65,union_square_cafe,2122434020,american_new
152_w_44th_st,new_york_city,66,virgil_s_real_bbq,2129219494,bbq
3200_las_vegas_blvd_s,las_vegas,67,chin_s,7027338899,chinese
3799_las_vegas_blvd_s,las_vegas,68,coyote_cafe_las_vegas,7028917349,southwestern
3000_paradise_rd,las_vegas,69,le_montrachet_bistro,7027325651,french_bistro
3570_las_vegas_blvd_s,las_vegas,70,palace_court,7027317110,french_new
200_e_fremont_st,las_vegas,71,second_street_grill,7023856277,pacific_rim
2880_las_vegas_blvd_s,las_vegas,72,steak_house_the,7027340410,steakhouses
2245_e_flamingo_rd,las_vegas,73,till_erman_the,7027314036,steakhouses
2355_peachtree_rd_ne,atlanta,74,abruzzi,4042618186,italian
3125_piedmont_rd,atlanta,75,bacchanalia,4043650410,californian
3130_piedmont_rd_ne,atlanta,76,bone_s_restaurant,4042372663,steakhouses
3393_peachtree_rd,atlanta,77,brasserie_le_coze,4042661440,french_bistro
3073_piedmont_rd,atlanta,78,buckhead_diner,4042623336,american_new
1529_piedmont_ave,atlanta,79,ciboulette_restaurant,4048747600,french_new
1_margaret_mitchell_sq,atlanta,80,delectables,4046812909,cafeterias
2290_peachtree_rd,atlanta,81,georgia_grille,4043523517,southwestern
490_e_paces_ferry_rd_ne,atlanta,82,hedgerose_heights_inn_the,4042337673,continental
595_piedmont_ave,atlanta,83,heera_of_india,4048764408,indian
1397_n_highland_ave,atlanta,84,indigo_coastal_grill,4048760676,eclectic
2637_peachtree_rd_ne,atlanta,85,la_grotta,4042311368,italian
224_ponce_de_leon_ave,atlanta,86,mary_mac_s_tea_room,4048761800,southernsoul
255_courtland_st,atlanta,87,nikolai_s_roof,4042216362,continental
1232_w_paces_ferry_rd,atlanta,88,pano_s_paul_s,4042613662,american_new
3434_peachtree_rd_ne,atlanta,89,ritzcarlton_cafe_buckhead,4042372700,american_new
3434_peachtree_rd_ne,atlanta,90,ritzcarlton_dining_room_buckhead,4042372700,american_new
181_peachtree_st,atlanta,91,ritzcarlton_restaurant,4046590400,french_classic
293b_peachtree_rd,atlanta,92,toulouse,4043519533,french_new
41_14th_st,atlanta,93,veni_vidi_vici,4048758424,italian
126_clement_st,san_francisco,94,alain_rondelli,4153870408,french_new
252_california_st,san_francisco,95,aqua,4159569662,american_new
1_mission_st,san_francisco,96,boulevard,4155436084,american_new
7_claude_ln,san_francisco,97,cafe_claude,4153923505,french_bistro
340_stockton_st,san_francisco,98,campton_place,4159555555,american_new
804_north_point_st,san_francisco,99,chez_michel,4157757036,californian
777_sutter_st,san_francisco,100,fleur_de_lys,4156737779,french_new
570_fourth_st,san_francisco,101,fringale,4155430573,french_bistro
22_hawthorne_st,san_francisco,102,hawthorne_lane,4157779779,californian
5937_geary_blvd,san_francisco,103,khan_toke_thai_house,4156686654,thai
2316_polk_st,san_francisco,104,la_folie,4157765577,french_new
816_folsom_st,san_francisco,105,lulu_restaurantbiscafe,4154955775,mediterranean
648_bush_st,san_francisco,106,masa_s,4159897154,french_new
1737_post_st,san_francisco,107,mifune,4159220337,japanese
3127_fillmore_st,san_francisco,108,plumpjack_cafe,4155634755,american_new
545_post_st,san_francisco,109,postrio,4157767825,californian
600_stockton_st,san_francisco,110,ritzcarlton_dining_room_san_francisco,4152967465,french_new
532_columbus_ave,san_francisco,111,rose_pistola,4153990499,italian
181_peachtree_st,atlanta,711,ritzcarlton_cafe_atlanta,4046590400,american_new
